Car_Age,Kilometers_Driven,Engine_Capacity,Mileage,Previous_Owners,Fuel_Type,Transmission,Car_Brand,Selling_Price
7,136932,1200,22.1,1,CNG,Automatic,Tata,648596.0
11,117727,1600,19.8,3,Diesel,Manual,Hyundai,586544.0
6,10311,1500,14.4,2,Diesel,Manual,Honda,987750.0
1,89478,1000,12.6,3,Diesel,Automatic,Kia,927356.0
3,72435,1500,19.7,3,Petrol,Manual,Kia,1005224.0
9,92313,1500,24.2,2,Diesel,Automatic,Maruti,714028.0
5,129243,1500,17.7,3,Petrol,Automatic,Kia,907812.0
1,24457,2000,18.8,2,Diesel,Manual,Kia,1306124.0
2,42065,2000,24.0,3,CNG,Automatic,Mahindra,1240290.0
9,60591,1600,17.1,2,CNG,Manual,Renault,593098.0
9,144643,1600,13.8,3,Petrol,Manual,Maruti,439210.0
9,125151,800,14.6,3,CNG,Manual,Maruti,292232.0
3,66858,800,19.9,2,CNG,Automatic,Maruti,726164.0
7,13392,1500,16.3,3,CNG,Automatic,Renault,831666.0
8,15965,1200,19.3,3,Petrol,Manual,Mahindra,692718.0
1,103806,2000,18.4,1,CNG,Manual,Hyundai,984910.0
3,55015,800,16.1,2,Petrol,Manual,Kia,812322.0
11,67623,1200,21.0,2,Diesel,Manual,Mahindra,635646.0
5,7693,1500,22.4,2,Diesel,Manual,Renault,848766.0
7,49262,2000,13.4,1,CNG,Automatic,Maruti,946094.0
9,145546,2000,18.6,1,Diesel,Manual,Maruti,733579.0
10,132659,1200,16.2,1,Petrol,Automatic,Maruti,474964.0
4,57733,1000,21.3,1,Petrol,Automatic,Maruti,745536.0
2,117859,2000,12.4,1,Petrol,Manual,Mahindra,974504.0
10,75467,1200,16.8,1,CNG,Automatic,Renault,583282.0
2,94045,1200,22.6,1,Petrol,Automatic,Tata,856396.0
3,54811,1500,20.8,3,Diesel,Manual,Kia,1005594.0
7,144752,800,17.2,3,Diesel,Automatic,Maruti,417274.0
9,44384,1000,24.0,2,Diesel,Manual,Kia,802267.0
10,112512,1500,18.9,2,Petrol,Automatic,Mahindra,658364.0
5,34855,1200,14.5,1,CNG,Manual,Renault,695124.0
3,9499,2000,22.1,3,Petrol,Automatic,Honda,1230902.0
4,131063,2000,24.2,1,Petrol,Automatic,Renault,883362.0
2,82505,2000,17.8,1,Petrol,Automatic,Maruti,1002110.0
1,96412,1500,16.8,3,CNG,Manual,Renault,758846.0
11,24830,2000,15.2,2,Diesel,Manual,Tata,800568.0
8,35746,1000,16.6,1,CNG,Automatic,Maruti,713841.0
3,107946,800,12.6,2,Petrol,Automatic,Toyota,822406.0
3,68208,1600,24.1,1,Diesel,Manual,Kia,1141723.0
1,129019,1600,17.0,3,Petrol,Automatic,Tata,814112.0
9,108746,2000,13.3,3,Diesel,Manual,Hyundai,705239.0
11,15729,1000,16.2,1,Petrol,Manual,Mahindra,605754.0
10,34592,1600,13.1,3,Petrol,Automatic,Toyota,860280.0
8,11655,2000,22.3,3,CNG,Manual,Honda,1003014.0
2,147038,2000,16.3,2,CNG,Automatic,Toyota,1127520.0
10,36024,1500,12.5,3,Diesel,Manual,Honda,788736.0
1,8051,1500,20.1,2,Petrol,Automatic,Honda,1155816.0
3,78523,1600,24.6,2,Diesel,Manual,Maruti,912862.0
3,33251,1000,13.0,1,Diesel,Manual,Mahindra,841114.0
9,105235,1600,12.8,2,Petrol,Manual,Hyundai,570722.0
6,25056,1600,15.6,1,CNG,Automatic,Kia,1054180.0
6,72215,1200,21.9,1,Petrol,Automatic,Honda,896218.0
1,56293,2000,24.7,1,Diesel,Automatic,Renault,1212918.0
4,61573,2000,20.4,2,Diesel,Automatic,Toyota,1328220.0
2,131131,1000,20.1,2,Petrol,Automatic,Toyota,900468.0
4,32663,1000,12.3,3,Diesel,Manual,Honda,846086.0
1,106042,1200,24.2,3,Petrol,Manual,Renault,728986.0
11,113940,1500,13.3,2,Petrol,Manual,Hyundai,457840.0
1,99297,1600,23.0,2,Diesel,Automatic,Tata,975412.0
4,87745,1600,16.5,3,Petrol,Automatic,Honda,918878.0
5,49425,1600,21.8,3,Petrol,Manual,Renault,723218.0
2,75640,2000,19.3,1,CNG,Manual,Kia,1199390.0
9,116888,800,18.6,1,Diesel,Manual,Tata,438422.0
1,84459,1500,24.5,3,Petrol,Manual,Honda,1021948.0
4,59098,1000,20.2,1,Petrol,Manual,Honda,867065.0
4,147202,1600,21.8,3,Petrol,Manual,Toyota,948377.0
10,26689,2000,19.1,1,CNG,Manual,Toyota,1102696.0
2,108150,1500,20.9,2,Petrol,Manual,Mahindra,821517.0
8,44081,800,22.7,2,Diesel,Manual,Toyota,830172.0
3,33295,1600,16.8,1,CNG,Manual,Maruti,845782.0
4,24870,1200,22.1,2,CNG,Manual,Hyundai,849624.0
3,20485,1200,15.3,2,Diesel,Automatic,Honda,1037444.0
8,149188,800,21.7,3,Petrol,Automatic,Mahindra,530858.0
1,28960,800,14.9,2,Diesel,Automatic,Toyota,1048460.0
5,25559,2000,24.0,1,CNG,Manual,Honda,1175388.0
9,57528,2000,15.8,1,Petrol,Automatic,Mahindra,943974.0
7,143186,1500,24.5,2,Petrol,Automatic,Hyundai,722648.0
4,66529,1000,15.0,1,Petrol,Automatic,Renault,682812.0
1,83752,1600,22.6,1,Petrol,Automatic,Tata,995617.0
2,61178,1600,20.0,2,Diesel,Automatic,Mahindra,1062026.0
11,6015,800,22.1,2,CNG,Manual,Tata,545070.0
10,140230,800,24.6,3,Petrol,Manual,Maruti,279472.0
9,110570,800,12.2,3,Diesel,Automatic,Maruti,426845.0
5,85642,1600,19.6,1,Petrol,Automatic,Hyundai,886667.0
1,126288,2000,15.3,1,Petrol,Automatic,Mahindra,1078048.0
1,113319,1000,16.7,3,Diesel,Automatic,Hyundai,800498.0
6,54922,1200,16.0,1,Diesel,Automatic,Toyota,994902.0
11,24198,1600,20.1,2,CNG,Manual,Kia,900820.0
2,11949,1000,19.7,2,CNG,Manual,Tata,836562.0
2,99456,2000,17.9,3,Diesel,Manual,Hyundai,952104.0
5,108196,1500,18.0,1,Diesel,Manual,Honda,886829.0
8,107468,1000,20.1,2,Petrol,Automatic,Tata,521613.0
11,142326,800,18.0,3,CNG,Automatic,Renault,284582.0
4,130827,800,23.7,3,CNG,Manual,Renault,529056.0
10,147386,1200,22.7,2,Diesel,Manual,Mahindra,589773.0
6,135560,1600,18.0,2,Diesel,Automatic,Maruti,782525.0
11,28624,1000,22.4,1,Diesel,Manual,Renault,566909.0
11,123831,1600,12.0,1,Petrol,Manual,Toyota,742984.0
8,116317,2000,20.0,3,Diesel,Automatic,Hyundai,817272.0
10,9621,1200,15.3,3,CNG,Manual,Kia,792686.0
11,43638,1500,13.4,2,Diesel,Manual,Tata,592597.0
9,116076,1500,12.3,1,Petrol,Manual,Mahindra,611079.0
9,109592,1600,19.7,2,CNG,Manual,Toyota,824946.0
4,31069,1000,19.3,1,CNG,Automatic,Maruti,827800.0
6,53447,1000,15.2,3,Petrol,Automatic,Toyota,844454.0
1,121148,2000,14.9,2,CNG,Automatic,Honda,1139627.0
11,81125,800,13.0,3,CNG,Automatic,Toyota,658636.0
8,21389,1000,19.5,3,CNG,Automatic,Mahindra,798388.0
6,18234,2000,24.1,3,CNG,Automatic,Hyundai,1061963.0
5,142541,1000,16.2,3,Petrol,Automatic,Maruti,538372.0
10,83477,2000,19.6,3,CNG,Automatic,Toyota,1008946.0
1,128781,1000,17.9,1,CNG,Automatic,Honda,889838.0
8,13512,1600,12.0,1,CNG,Manual,Renault,763561.0
7,47078,800,23.1,2,Diesel,Manual,Renault,604975.0
2,89555,1200,12.9,2,Petrol,Automatic,Tata,750700.0
5,126101,1500,14.1,1,Petrol,Manual,Tata,617578.0
10,130501,1500,16.1,2,Petrol,Automatic,Renault,527256.0
7,44711,1200,20.1,1,CNG,Manual,Kia,842918.0
9,72728,800,17.1,2,Diesel,Manual,Renault,479971.0
3,16302,1200,17.6,3,CNG,Manual,Renault,803156.0
4,85910,1600,18.4,2,CNG,Manual,Honda,924691.0
6,102720,800,21.2,3,CNG,Manual,Mahindra,603299.0
6,64201,1000,18.4,2,Petrol,Automatic,Mahindra,756078.0
4,133876,1500,17.2,1,Petrol,Manual,Kia,901077.0
2,80683,1500,21.3,3,Petrol,Automatic,Tata,853528.0
8,81325,2000,17.2,3,Diesel,Automatic,Tata,803056.0
10,78319,2000,13.3,1,CNG,Automatic,Honda,896228.0
4,65279,1600,21.2,2,Petrol,Automatic,Kia,1086858.0
6,139869,1200,17.9,2,Petrol,Manual,Hyundai,505042.0
4,129085,800,16.3,2,CNG,Manual,Renault,485146.0
5,147766,800,21.7,2,Petrol,Manual,Hyundai,465175.0
3,68731,800,23.2,2,Diesel,Manual,Hyundai,701170.0
2,41368,1200,12.4,3,CNG,Automatic,Renault,804674.0
4,24956,800,16.7,3,CNG,Automatic,Hyundai,716561.0
2,108892,800,14.3,1,Petrol,Automatic,Mahindra,720979.0
8,6759,1600,17.2,3,CNG,Automatic,Tata,880962.0
1,95397,1200,12.9,2,CNG,Manual,Hyundai,733970.0
6,124771,800,17.2,2,CNG,Manual,Honda,600612.0
8,134948,1200,16.9,2,CNG,Automatic,Hyundai,600381.0
1,110947,1000,23.3,1,Petrol,Manual,Tata,715658.0
11,68230,1600,19.7,1,CNG,Manual,Tata,635241.0
1,90595,1000,22.5,2,Diesel,Manual,Renault,748878.0
5,132157,1600,17.3,3,Diesel,Manual,Hyundai,681196.0
7,149931,1600,17.5,2,Petrol,Manual,Toyota,843058.0
11,108145,1000,16.7,3,Petrol,Manual,Mahindra,367662.0
9,135273,1600,15.8,2,Diesel,Automatic,Renault,609138.0
10,24063,1200,23.6,1,Diesel,Manual,Maruti,630278.0
9,40367,1000,20.2,3,Petrol,Automatic,Mahindra,687742.0
4,60961,1000,23.7,2,CNG,Manual,Tata,729292.0
2,66268,1000,19.5,2,Diesel,Manual,Toyota,1044030.0
6,133377,1500,14.7,2,Diesel,Manual,Tata,663716.0
6,34402,1000,19.8,1,Petrol,Manual,Hyundai,710849.0
1,40737,1600,17.0,2,Diesel,Automatic,Hyundai,1063604.0
11,26172,1500,22.0,1,Petrol,Manual,Renault,676341.0
4,16046,1200,24.3,3,CNG,Automatic,Mahindra,1024944.0
5,64129,1500,19.0,3,CNG,Automatic,Tata,792918.0
11,43890,1000,20.1,2,Petrol,Manual,Maruti,450076.0
1,59912,800,21.2,2,Petrol,Manual,Tata,714918.0
2,91123,1500,24.6,2,Diesel,Automatic,Tata,1016864.0
11,74626,800,13.8,2,Petrol,Manual,Maruti,325595.0
8,136410,1600,21.9,1,Diesel,Automatic,Mahindra,856440.0
9,82454,1200,24.8,1,Diesel,Manual,Renault,597360.0
7,111896,1000,19.4,2,CNG,Automatic,Kia,741176.0
7,147194,1000,17.5,1,Diesel,Manual,Mahindra,585780.0
7,24426,1000,18.8,3,Petrol,Automatic,Kia,861136.0
3,40435,1500,18.3,3,Petrol,Manual,Renault,822988.0
7,28510,1500,19.4,1,Petrol,Automatic,Maruti,789999.0
2,118824,1600,20.0,2,Diesel,Manual,Tata,844157.0
2,130341,1200,23.4,1,Diesel,Automatic,Renault,836034.0
11,44974,2000,16.6,2,Petrol,Manual,Mahindra,809311.0
9,38039,1500,24.8,2,Diesel,Manual,Kia,899772.0
4,148748,800,15.1,3,Petrol,Automatic,Renault,445091.0
2,117573,1600,12.5,1,Petrol,Automatic,Kia,1004040.0
1,127744,1500,14.8,2,Petrol,Manual,Toyota,1019443.0
6,136878,2000,19.8,2,Petrol,Automatic,Maruti,777345.0
4,133583,1500,22.9,2,Petrol,Manual,Toyota,921982.0
10,45042,1000,17.0,1,Petrol,Automatic,Tata,557636.0
6,78781,800,18.7,2,Petrol,Manual,Tata,479086.0
3,117855,1200,22.6,2,Petrol,Automatic,Toyota,1019776.0
9,107979,2000,23.2,3,Petrol,Automatic,Tata,772274.0
9,22602,800,23.1,2,Petrol,Manual,Renault,503417.0
5,55106,1000,17.3,3,Diesel,Automatic,Tata,684713.0
10,46873,2000,24.5,1,Petrol,Manual,Maruti,760206.0
3,133322,1000,19.1,1,Petrol,Manual,Mahindra,724048.0
3,24623,1500,23.1,3,Petrol,Manual,Tata,879622.0
9,116785,1500,20.0,2,CNG,Manual,Tata,584530.0
10,73344,1200,23.4,2,Diesel,Automatic,Tata,704420.0
7,97241,1500,19.2,1,Petrol,Automatic,Kia,953452.0
11,133232,800,13.5,2,Petrol,Manual,Renault,229133.0
3,34257,800,24.5,3,CNG,Automatic,Toyota,989698.0
6,149579,1500,20.9,2,CNG,Automatic,Maruti,723226.0
6,68888,1000,18.2,2,Diesel,Automatic,Tata,730157.0
4,92266,1500,21.9,3,Petrol,Manual,Maruti,674614.0
3,32082,1000,12.0,2,Diesel,Automatic,Toyota,1002165.0
3,142612,800,14.1,3,Petrol,Manual,Tata,427293.0
2,83797,1500,20.5,3,CNG,Manual,Mahindra,946928.0
5,53901,1200,15.6,3,CNG,Manual,Hyundai,663930.0
2,138052,1200,12.4,1,Diesel,Manual,Honda,775761.0
11,26563,2000,14.6,1,Petrol,Automatic,Kia,1034926.0
2,87879,1500,12.4,2,CNG,Automatic,Mahindra,887908.0
9,52837,2000,19.8,2,Petrol,Automatic,Renault,843888.0
6,10109,1600,15.5,3,Petrol,Manual,Renault,710426.0
2,88309,2000,15.8,1,Petrol,Manual,Honda,1029518.0
9,35087,1200,18.2,1,Petrol,Automatic,Maruti,680238.0
6,101347,1500,16.5,2,Petrol,Automatic,Maruti,682404.0
9,117755,1000,17.2,2,Diesel,Manual,Hyundai,491828.0
10,132118,1000,12.5,1,CNG,Manual,Tata,371609.0
6,122832,800,21.2,2,Diesel,Automatic,Mahindra,696902.0
11,105734,1200,23.6,2,Diesel,Automatic,Hyundai,613861.0
3,100081,2000,13.1,2,CNG,Automatic,Toyota,1121238.0
3,128629,1500,21.7,1,CNG,Manual,Kia,1008104.0
3,25049,2000,21.3,2,Petrol,Automatic,Renault,1005746.0
11,84561,1200,20.8,1,Diesel,Manual,Kia,783214.0
7,117340,1000,21.7,1,Diesel,Automatic,Honda,781653.0
2,121400,1200,19.5,2,Petrol,Automatic,Renault,751439.0
2,31958,1000,22.3,3,Diesel,Manual,Tata,810704.0
6,91652,1500,17.0,2,Petrol,Manual,Maruti,621012.0
10,24975,1500,23.8,3,Diesel,Automatic,Mahindra,921334.0
2,38142,1600,23.1,1,Petrol,Automatic,Mahindra,1168646.0
8,40046,800,20.6,3,Diesel,Manual,Tata,571003.0
9,72649,1200,20.5,3,Petrol,Automatic,Honda,751394.0
4,148660,1200,23.5,2,Diesel,Automatic,Hyundai,796270.0
10,81619,2000,13.9,1,CNG,Automatic,Maruti,801266.0
6,76635,1500,12.5,1,CNG,Manual,Honda,872372.0
1,14847,1500,17.8,3,CNG,Automatic,Honda,1178324.0
4,86537,800,18.9,2,Petrol,Manual,Kia,702452.0
6,81260,1600,13.2,1,Petrol,Manual,Mahindra,754321.0
10,137311,1200,12.1,2,Petrol,Automatic,Toyota,636232.0
8,142710,1200,18.4,2,CNG,Automatic,Mahindra,630691.0
4,133335,1000,14.6,3,Diesel,Manual,Maruti,494994.0
6,129398,2000,15.3,1,CNG,Manual,Hyundai,836312.0
2,33625,800,22.8,3,Petrol,Automatic,Tata,789786.0
9,59061,1500,20.8,3,CNG,Automatic,Mahindra,782316.0
5,115169,2000,20.6,2,Diesel,Manual,Maruti,852622.0
9,116279,1600,22.2,1,CNG,Manual,Tata,629104.0
2,119044,2000,16.3,2,CNG,Automatic,Hyundai,1020131.0
9,22772,1200,16.9,2,Diesel,Manual,Maruti,632966.0
1,32723,1000,17.2,1,CNG,Automatic,Toyota,1171876.0
1,144999,800,17.8,2,Diesel,Manual,Tata,641644.0
10,30537,2000,18.5,1,Diesel,Automatic,Renault,929254.0
5,6177,800,16.9,2,Petrol,Manual,Honda,772754.0
11,83714,1200,12.2,3,CNG,Manual,Renault,381211.0
5,92163,800,20.5,3,CNG,Automatic,Toyota,843406.0
2,51413,1600,20.0,1,Diesel,Manual,Toyota,1220310.0
3,126999,1000,19.9,2,Diesel,Manual,Toyota,851872.0
10,91365,1200,13.6,2,CNG,Manual,Kia,600406.0
8,53368,1000,14.4,2,CNG,Automatic,Maruti,571823.0
8,47668,1000,13.5,1,CNG,Automatic,Mahindra,710566.0
6,145507,800,22.3,3,Diesel,Automatic,Hyundai,610528.0
10,124503,800,15.1,1,Diesel,Automatic,Tata,445496.0
7,41041,800,13.2,2,Petrol,Manual,Hyundai,548212.0
1,22633,800,14.8,1,Diesel,Automatic,Toyota,1075464.0
3,45390,1200,15.0,2,Petrol,Manual,Maruti,669336.0
9,22727,1200,19.8,2,CNG,Automatic,Mahindra,848010.0
7,131888,800,12.2,2,CNG,Automatic,Hyundai,478661.0
10,36007,1600,13.0,1,Petrol,Automatic,Tata,691446.0
8,59624,1200,16.5,3,Petrol,Manual,Honda,696813.0
5,41378,1600,15.5,2,CNG,Automatic,Honda,1012046.0
3,79069,2000,12.7,2,Diesel,Manual,Tata,872682.0
4,102543,2000,19.3,1,Petrol,Manual,Kia,1074496.0
9,33982,1000,13.3,1,CNG,Automatic,Honda,744755.0
8,146826,2000,15.1,3,Diesel,Manual,Honda,798272.0
1,103452,1500,20.1,2,CNG,Automatic,Maruti,932181.0
6,14715,1000,12.8,1,CNG,Automatic,Toyota,1014656.0
5,40585,1200,15.1,1,CNG,Manual,Honda,852608.0
7,23073,1500,23.4,2,CNG,Automatic,Tata,852972.0
6,66929,1500,24.1,2,Diesel,Automatic,Toyota,1102000.0
8,50033,2000,21.4,3,CNG,Automatic,Mahindra,1009950.0
5,29226,1000,14.0,3,Diesel,Automatic,Honda,878410.0
10,141728,1000,13.7,2,Petrol,Automatic,Kia,532909.0
1,36055,2000,22.8,3,CNG,Manual,Mahindra,1148518.0
5,106268,1000,18.6,3,Petrol,Automatic,Honda,702365.0
4,60099,2000,12.0,3,Diesel,Automatic,Honda,1133674.0
3,44922,1600,22.1,2,Petrol,Automatic,Mahindra,1049258.0
8,49936,1200,13.0,2,Diesel,Manual,Kia,836455.0
1,102539,1500,25.0,1,Petrol,Manual,Honda,1007970.0
4,103723,1500,23.0,2,CNG,Manual,Honda,915438.0
3,101774,1200,17.4,2,CNG,Manual,Toyota,947912.0
5,75017,2000,18.3,2,Diesel,Manual,Toyota,1107052.0
7,111297,1600,14.8,1,Diesel,Automatic,Toyota,1002986.0
5,105689,1600,24.5,1,CNG,Manual,Honda,898100.0
5,125575,1600,18.3,2,Diesel,Automatic,Tata,772094.0
4,35620,2000,17.1,2,Petrol,Manual,Maruti,894281.0
1,8191,800,24.3,2,Petrol,Manual,Hyundai,892466.0
10,33671,1500,22.2,3,CNG,Automatic,Renault,690696.0
6,56399,800,20.0,3,Petrol,Manual,Toyota,750512.0
1,65920,1200,20.6,3,CNG,Automatic,Maruti,899508.0
4,93340,1000,18.0,3,CNG,Manual,Kia,798017.0
3,97601,1600,19.1,2,Diesel,Automatic,Kia,1125214.0
1,66063,800,24.7,3,Diesel,Manual,Maruti,744484.0
4,128257,2000,23.6,2,Petrol,Automatic,Honda,1012392.0
8,22153,2000,18.3,3,Diesel,Manual,Hyundai,894008.0
1,94489,800,16.8,3,Diesel,Automatic,Hyundai,795092.0
6,138533,1500,13.6,3,Diesel,Manual,Renault,562332.0
3,35841,2000,23.2,1,Petrol,Manual,Hyundai,1044882.0
5,20997,2000,21.5,3,CNG,Automatic,Renault,1044968.0
6,63005,1200,15.5,1,Petrol,Automatic,Hyundai,768520.0
5,124246,1500,22.6,3,CNG,Manual,Kia,839998.0
6,8754,1600,19.7,3,CNG,Automatic,Tata,946411.0
7,109555,800,21.9,3,Diesel,Automatic,Renault,550962.0
1,60147,1600,23.5,3,Diesel,Automatic,Tata,1060836.0
10,85102,1200,14.4,1,Petrol,Manual,Honda,647446.0
6,113777,1000,22.9,1,Diesel,Automatic,Maruti,657408.0
5,94464,1500,16.3,3,CNG,Manual,Mahindra,725791.0
3,87617,1500,17.0,2,Diesel,Manual,Hyundai,856938.0
6,108892,2000,21.0,1,Diesel,Automatic,Mahindra,1041289.0
9,32766,1500,18.6,3,Petrol,Automatic,Hyundai,804937.0
4,41727,2000,18.3,2,Diesel,Manual,Kia,1174412.0
3,115384,2000,13.9,1,Diesel,Automatic,Mahindra,1016552.0
4,146330,1600,13.9,3,Petrol,Manual,Maruti,580642.0
4,89730,1500,21.6,3,Petrol,Automatic,Mahindra,923769.0
1,39051,1500,22.2,3,CNG,Automatic,Kia,1228068.0
11,8471,1600,14.4,1,Diesel,Automatic,Tata,801714.0
11,98808,2000,22.8,1,Diesel,Manual,Tata,783008.0
3,28284,1200,15.4,2,Diesel,Manual,Toyota,1053586.0
5,47963,800,17.7,1,Diesel,Automatic,Honda,853964.0
7,10105,1200,17.7,1,Diesel,Manual,Mahindra,808512.0
9,143782,1500,20.5,1,Diesel,Automatic,Honda,795808.0
6,108302,1200,15.6,2,Diesel,Automatic,Renault,602180.0
9,54733,1500,14.0,3,Diesel,Automatic,Tata,675792.0
4,22073,800,22.0,2,CNG,Manual,Hyundai,705818.0
11,71707,1600,12.7,2,Petrol,Manual,Hyundai,542268.0
3,127788,800,18.0,1,Petrol,Automatic,Honda,799230.0
9,11304,1000,21.4,3,Diesel,Manual,Kia,792609.0
7,7336,800,24.7,1,Diesel,Automatic,Hyundai,800070.0
9,60718,2000,19.1,2,Diesel,Automatic,Mahindra,990907.0
10,18140,1600,24.3,1,Diesel,Automatic,Hyundai,949133.0
3,148996,2000,15.8,3,Diesel,Automatic,Tata,886683.0
3,72263,1200,22.2,3,Petrol,Automatic,Hyundai,848076.0
4,83707,2000,12.2,1,CNG,Automatic,Honda,1046978.0
11,32624,1000,21.8,1,CNG,Automatic,Maruti,597727.0
3,96179,800,17.1,3,Diesel,Manual,Honda,703922.0
9,108850,1200,17.7,3,Diesel,Automatic,Renault,545032.0
9,80939,1600,20.2,3,Petrol,Manual,Kia,833174.0
8,143043,1500,19.3,2,CNG,Automatic,Tata,610952.0
3,136354,1000,14.2,2,Petrol,Automatic,Maruti,638156.0
8,38380,1500,22.7,1,Diesel,Automatic,Mahindra,919936.0
9,67987,1200,18.6,1,CNG,Manual,Kia,779576.0
2,6283,1500,23.5,3,CNG,Manual,Renault,889730.0
5,14752,1200,18.9,1,Diesel,Automatic,Mahindra,1022780.0
3,102756,800,22.6,2,Diesel,Manual,Honda,818501.0
9,48732,1000,22.7,2,Diesel,Automatic,Toyota,954253.0
10,100648,1600,17.5,2,Petrol,Manual,Kia,718037.0
10,38866,800,17.7,2,Petrol,Manual,Honda,551359.0
11,134295,1000,16.2,3,CNG,Automatic,Maruti,366704.0
1,26447,1200,21.0,1,CNG,Automatic,Kia,1200236.0
9,114869,1500,24.2,1,CNG,Manual,Tata,647236.0
2,55290,800,23.4,3,CNG,Manual,Tata,747562.0
8,138669,2000,23.2,2,CNG,Manual,Mahindra,834274.0
11,13787,800,12.5,2,Diesel,Automatic,Kia,733228.0
9,20282,1200,21.8,1,Petrol,Manual,Mahindra,771743.0
9,16002,1500,22.8,3,CNG,Automatic,Mahindra,893482.0
5,48472,2000,12.6,1,Petrol,Automatic,Tata,998120.0
3,147312,1200,21.5,1,CNG,Automatic,Honda,855881.0
9,111108,2000,16.4,3,CNG,Manual,Renault,609830.0
1,56631,2000,17.6,3,Diesel,Automatic,Toyota,1376852.0
5,63643,1600,19.8,1,Petrol,Manual,Maruti,823372.0
9,51403,1200,22.8,1,Petrol,Manual,Kia,860046.0
6,115155,2000,22.1,1,CNG,Automatic,Honda,1092736.0
6,94906,2000,19.7,1,CNG,Automatic,Kia,1083103.0
4,35795,1600,24.6,2,Diesel,Manual,Kia,1135932.0
1,47070,2000,12.9,1,Diesel,Manual,Toyota,1314390.0
6,140450,1200,15.6,1,Petrol,Manual,Toyota,777461.0
3,78869,1200,17.8,1,Petrol,Manual,Mahindra,802152.0
1,63557,1200,23.0,1,Diesel,Manual,Toyota,1087492.0
1,22087,2000,17.2,2,Diesel,Manual,Maruti,1029932.0
5,75448,800,22.6,1,CNG,Manual,Kia,816962.0
9,27054,1600,20.8,2,CNG,Manual,Toyota,990337.0
1,66035,1200,17.3,1,Petrol,Manual,Honda,956472.0
1,139393,1600,12.0,3,Diesel,Manual,Mahindra,817730.0
7,139832,1500,20.9,2,Diesel,Manual,Kia,797447.0
2,39542,1500,19.1,1,Petrol,Automatic,Hyundai,987793.0
9,66350,1000,20.7,1,Diesel,Automatic,Tata,631133.0
10,79637,1000,13.8,1,Petrol,Manual,Honda,533098.0
4,65058,1600,23.7,2,CNG,Automatic,Mahindra,1048988.0
2,99475,1200,17.8,3,Petrol,Manual,Hyundai,696432.0
5,124006,800,21.5,1,Diesel,Automatic,Toyota,920276.0
11,126251,1200,13.0,1,Petrol,Automatic,Hyundai,502116.0
2,105127,1200,17.9,3,Petrol,Manual,Kia,882788.0
11,80769,1200,19.8,1,CNG,Automatic,Renault,557850.0
5,73803,1600,23.6,1,CNG,Automatic,Tata,918474.0
2,7011,1200,16.4,3,CNG,Automatic,Tata,871804.0
6,144839,1600,18.9,2,Petrol,Manual,Honda,709686.0
2,143141,1200,18.9,1,Diesel,Manual,Mahindra,798582.0
11,119650,1000,17.1,2,CNG,Manual,Kia,555486.0
5,138241,1600,16.8,1,CNG,Manual,Mahindra,757442.0
2,142416,800,13.1,3,CNG,Automatic,Honda,720676.0
6,115659,1600,14.0,1,Petrol,Automatic,Toyota,1000348.0
11,55098,1200,15.9,1,CNG,Automatic,Maruti,544893.0
5,5138,1500,16.5,3,Petrol,Manual,Toyota,1032771.0
2,31762,1500,17.2,1,CNG,Automatic,Hyundai,1059922.0
9,89754,1600,21.5,1,Petrol,Manual,Honda,834390.0
3,137212,1000,21.4,1,CNG,Automatic,Mahindra,783690.0
6,31086,1500,12.8,1,Diesel,Automatic,Honda,969664.0
1,71418,1200,18.7,2,CNG,Manual,Hyundai,860278.0
11,127813,1200,18.6,1,CNG,Automatic,Maruti,487466.0
5,118613,1200,17.3,3,CNG,Manual,Kia,762452.0
7,130438,800,12.8,1,Petrol,Manual,Maruti,336815.0
8,85018,2000,15.3,1,Petrol,Manual,Mahindra,830749.0
7,56919,1000,18.2,1,Diesel,Manual,Tata,614558.0
10,82949,1600,16.7,2,Petrol,Automatic,Tata,659024.0
9,61622,1200,25.0,2,Petrol,Automatic,Kia,828453.0
3,71624,1500,22.8,1,CNG,Manual,Toyota,1102691.0
8,13068,1500,20.6,3,Petrol,Automatic,Tata,831167.0
8,82064,1000,13.0,2,CNG,Automatic,Tata,535714.0
8,46869,1500,19.5,2,Petrol,Manual,Tata,714782.0
2,85807,800,18.5,2,Diesel,Automatic,Hyundai,785382.0
8,15350,1500,23.2,3,CNG,Automatic,Renault,810692.0
7,106084,1600,22.9,1,Petrol,Automatic,Toyota,1004670.0
5,127258,1600,17.4,1,Diesel,Manual,Maruti,689879.0
7,43333,1000,19.6,2,Diesel,Automatic,Hyundai,728038.0
4,144316,2000,19.3,1,CNG,Manual,Renault,819047.0
7,148309,1000,13.7,2,CNG,Manual,Maruti,431700.0
1,94678,800,12.0,2,Petrol,Automatic,Hyundai,722686.0
6,31917,800,12.8,2,Petrol,Automatic,Toyota,885336.0
9,60103,1600,24.1,1,Petrol,Manual,Tata,731030.0
11,141865,1500,19.4,2,CNG,Manual,Toyota,753620.0
1,125779,1200,13.2,2,CNG,Automatic,Toyota,1004300.0
11,49760,1000,13.8,1,Petrol,Manual,Toyota,660556.0
1,103826,800,20.8,1,Diesel,Manual,Toyota,921872.0
3,10842,1500,25.0,1,Petrol,Automatic,Renault,1034479.0
9,71914,1000,20.2,3,Petrol,Automatic,Kia,774721.0
2,32364,1600,17.4,2,Petrol,Manual,Mahindra,1026344.0
6,132927,2000,14.8,1,CNG,Manual,Toyota,996514.0
9,23135,1500,21.6,2,Petrol,Automatic,Renault,765358.0
6,59336,1500,13.1,3,CNG,Manual,Maruti,637468.0
6,146365,1000,19.1,3,Petrol,Automatic,Mahindra,586424.0
5,23199,1000,12.3,2,Diesel,Manual,Maruti,665414.0
1,59131,1600,18.0,2,Diesel,Automatic,Maruti,975610.0
7,24611,800,18.8,2,CNG,Automatic,Toyota,929838.0
9,129577,1600,15.5,1,Petrol,Manual,Kia,754196.0
7,56955,800,16.8,3,Petrol,Automatic,Toyota,796838.0
4,69110,1200,12.3,3,Petrol,Manual,Maruti,577886.0
8,16308,2000,14.0,3,Petrol,Manual,Toyota,1065307.0
2,36131,1600,21.7,3,Diesel,Automatic,Hyundai,1036010.0
9,103934,1600,18.9,2,CNG,Manual,Renault,586134.0
6,87152,800,14.9,3,Diesel,Manual,Hyundai,529945.0
11,111956,1600,18.9,3,CNG,Automatic,Tata,627484.0
1,37430,1500,16.4,2,Petrol,Manual,Kia,1100415.0
2,147105,800,24.1,1,CNG,Automatic,Mahindra,818864.0
6,52118,1600,24.3,2,Petrol,Automatic,Mahindra,960828.0
6,44121,2000,19.1,1,CNG,Automatic,Tata,994472.0
6,48527,1500,23.7,1,Petrol,Automatic,Tata,929302.0
2,113042,1500,20.6,1,CNG,Automatic,Renault,916300.0
11,20449,2000,19.4,3,Petrol,Manual,Hyundai,758396.0
7,128749,2000,12.2,2,CNG,Manual,Tata,667478.0
1,19122,1600,24.4,2,CNG,Automatic,Toyota,1310310.0
8,81253,1500,15.2,1,CNG,Manual,Maruti,629962.0
4,98783,1000,22.0,2,Petrol,Manual,Hyundai,625846.0
10,24710,1200,12.6,2,Diesel,Manual,Renault,568406.0
11,86050,800,17.2,1,Petrol,Automatic,Honda,557341.0
6,45695,1200,24.4,1,Petrol,Manual,Kia,957402.0
3,14171,1500,21.8,3,CNG,Manual,Kia,1058202.0
10,24149,800,22.2,1,Petrol,Manual,Hyundai,580188.0
1,68232,1000,23.4,3,Diesel,Manual,Tata,759108.0
9,39681,800,14.3,2,Petrol,Manual,Toyota,697922.0
5,132626,1200,17.6,2,CNG,Manual,Toyota,865864.0
7,47998,1000,23.6,1,Diesel,Automatic,Kia,986404.0
4,52857,1500,14.7,1,CNG,Automatic,Kia,1037184.0
9,68353,1200,18.6,3,CNG,Automatic,Tata,621366.0
4,67433,1600,22.0,2,CNG,Automatic,Maruti,886906.0
7,12415,1500,17.5,1,CNG,Automatic,Toyota,1123526.0
9,54976,1600,17.4,2,Diesel,Manual,Maruti,725190.0
7,90076,1600,17.7,3,Diesel,Manual,Honda,849273.0
6,100742,1500,21.6,1,Petrol,Manual,Hyundai,749336.0
5,30711,1200,15.5,1,Diesel,Automatic,Tata,810148.0
6,131479,2000,17.1,1,Petrol,Automatic,Tata,829628.0
10,139345,1200,15.5,2,Petrol,Manual,Tata,404070.0
10,32128,800,19.8,3,Petrol,Manual,Toyota,646316.0
6,138872,800,21.2,3,Petrol,Manual,Kia,651611.0
2,25583,1200,22.4,3,CNG,Automatic,Kia,1094102.0
9,106968,1000,22.5,1,Petrol,Manual,Mahindra,561673.0
4,47291,1600,23.1,3,Petrol,Automatic,Renault,829038.0
7,148184,1200,18.3,2,Petrol,Manual,Tata,468799.0
3,23919,2000,21.1,2,Diesel,Manual,Kia,1272668.0
8,75533,800,18.9,3,Petrol,Manual,Toyota,662094.0
6,104303,1600,24.5,2,CNG,Manual,Honda,887360.0
11,37298,1000,22.5,3,CNG,Automatic,Renault,523530.0
3,132815,2000,20.1,3,Diesel,Automatic,Kia,1163188.0
3,51289,1500,20.8,1,Petrol,Automatic,Mahindra,1039188.0
5,71960,2000,16.3,1,Diesel,Manual,Mahindra,948347.0
11,90024,2000,13.1,1,CNG,Automatic,Toyota,945813.0
7,51220,1500,20.7,3,CNG,Automatic,Kia,1024009.0
6,127332,1500,15.6,2,CNG,Automatic,Maruti,728578.0
8,109092,1000,14.3,2,Diesel,Manual,Honda,586679.0
9,138060,1000,21.2,1,Petrol,Manual,Maruti,395740.0
11,64778,1000,18.7,3,Diesel,Automatic,Renault,533794.0
6,140189,1000,19.8,3,CNG,Manual,Kia,649066.0
4,73136,2000,21.0,3,CNG,Manual,Hyundai,918405.0
5,133133,1200,20.8,1,Diesel,Manual,Tata,648664.0
11,56707,1000,23.3,1,CNG,Automatic,Maruti,606900.0
5,53442,2000,24.2,1,CNG,Automatic,Mahindra,1186464.0
2,89381,800,12.7,1,Petrol,Manual,Honda,761382.0
1,70618,800,14.9,1,Petrol,Automatic,Hyundai,762624.0
6,78903,2000,13.3,2,CNG,Automatic,Hyundai,882920.0
4,143746,1600,23.9,3,CNG,Automatic,Toyota,988007.0
9,135970,1000,25.0,1,CNG,Manual,Maruti,501990.0
2,15451,1600,13.2,1,Petrol,Manual,Kia,1110366.0
4,59318,800,14.8,1,CNG,Automatic,Hyundai,699865.0
2,32586,2000,19.9,3,Diesel,Automatic,Renault,1127106.0
